[
  {
    "model": "worlds.world",
    "pk": "550e8400-e29b-41d4-a716-446655440003",
    "fields": {
      "name": "The Wager's Doomed Voyage",
      "description": "A British naval expedition in the 1740s that ends in shipwreck, survival, mutiny, and competing narratives of truth.",
      "hidden_truth": "There is no single truth in survival - only competing stories told by those who lived.",
      "witness_type": "midshipman",
      "resource_types": {
        "ephemeral": "promises of rescue and naval honor",
        "physical": "salvaged ship materials and scarce food",
        "binding": "naval law and chains of command"
      },
      "degradation_vector": "Authority dissolves when survival is at stake"
    }
  },
  {
    "model": "worlds.character",
    "pk": "550e8400-e29b-41d4-a716-446655440121",
    "fields": {
      "world": "550e8400-e29b-41d4-a716-446655440003",
      "name": "David Cheap",
      "description": "First Lieutenant of the Centurion, a burly Scotsman fleeing debts and family disputes, who will later become the tyrannical captain of the wrecked Wager.",
      "power_level": 7,
      "agency": true,
      "witness_candidate": false,
      "current_location": "550e8400-e29b-41d4-a716-446655440221",
      "physicality": "burly build, protracted nose, intense eyes",
      "mentality": "fleeing personal failures, seeking naval glory",
      "origins": "Scottish nobility with inheritance disputes",
      "motivations": "escape debts, gain fortune, maintain authority"
    }
  },
  {
    "model": "worlds.character",
    "pk": "550e8400-e29b-41d4-a716-446655440122",
    "fields": {
      "world": "550e8400-e29b-41d4-a716-446655440003",
      "name": "John Byron",
      "description": "Young midshipman who will witness the disaster and later write his own account of events.",
      "power_level": 3,
      "agency": false,
      "witness_candidate": true,
      "current_location": "550e8400-e29b-41d4-a716-446655440222",
      "physicality": "young, observant",
      "mentality": "eager for adventure, keen observer",
      "origins": "minor nobility seeking naval career",
      "motivations": "survive and tell the true story"
    }
  },
  {
    "model": "worlds.character",
    "pk": "550e8400-e29b-41d4-a716-446655440123",
    "fields": {
      "world": "550e8400-e29b-41d4-a716-446655440003",
      "name": "George Anson",
      "description": "Commodore commanding the entire squadron, ambitious leader of the expedition against Spanish treasure.",
      "power_level": 9,
      "agency": true,
      "witness_candidate": false,
      "current_location": "550e8400-e29b-41d4-a716-446655440221",
      "physicality": "commanding presence",
      "mentality": "ambitious, strategic, focused on glory",
      "origins": "British naval establishment",
      "motivations": "capture Spanish treasure, achieve fame"
    }
  },
  {
    "model": "worlds.character",
    "pk": "550e8400-e29b-41d4-a716-446655440124",
    "fields": {
      "world": "550e8400-e29b-41d4-a716-446655440003",
      "name": "John Bulkeley",
      "description": "Gunner who will lead the mutiny against Cheap, practical survivor who documents everything.",
      "power_level": 5,
      "agency": true,
      "witness_candidate": false,
      "current_location": "550e8400-e29b-41d4-a716-446655440222",
      "physicality": "practical seaman's build",
      "mentality": "methodical, documenting, planning",
      "origins": "experienced gunner from lower ranks",
      "motivations": "survival through practical action"
    }
  },
  {
    "model": "worlds.character",
    "pk": "550e8400-e29b-41d4-a716-446655440125",
    "fields": {
      "world": "550e8400-e29b-41d4-a716-446655440003",
      "name": "David Cheap's Brother",
      "description": "Unnamed brother disputing inheritance with David Cheap back in Scotland.",
      "power_level": 4,
      "agency": true,
      "witness_candidate": false,
      "current_location": null,
      "physicality": "unknown",
      "mentality": "litigious, grasping",
      "origins": "Scottish nobility",
      "motivations": "secure family inheritance"
    }
  },
  {
    "model": "worlds.location",
    "pk": "550e8400-e29b-41d4-a716-446655440221",
    "fields": {
      "world": "550e8400-e29b-41d4-a716-446655440003",
      "name": "HMS Centurion",
      "description": "The squadron's flagship, a 60-gun fourth-rate ship of the line commanded by Commodore Anson.",
      "size_scale": "large",
      "integrity": 0.95,
      "witnessed_events": ["Squadron departure", "Cheap's assignment"],
      "function": "warship and flagship",
      "architecture": "60-gun fourth-rate ship of the line"
    }
  },
  {
    "model": "worlds.location",
    "pk": "550e8400-e29b-41d4-a716-446655440222",
    "fields": {
      "world": "550e8400-e29b-41d4-a716-446655440003",
      "name": "HMS Wager",
      "description": "Store ship that will wreck on a desolate island, becoming the site of survival and mutiny.",
      "size_scale": "medium",
      "integrity": 0.85,
      "witnessed_events": ["Future shipwreck", "Future mutiny"],
      "function": "store ship and transport",
      "architecture": "converted merchant vessel"
    }
  },
  {
    "model": "worlds.location",
    "pk": "550e8400-e29b-41d4-a716-446655440223",
    "fields": {
      "world": "550e8400-e29b-41d4-a716-446655440003",
      "name": "Wager Island",
      "description": "Desolate island off Patagonia where the Wager will wreck, site of desperate survival.",
      "size_scale": "medium",
      "integrity": 0.4,
      "witnessed_events": ["Shipwreck", "Mutiny", "Desperate survival"],
      "function": "uninhabited island",
      "architecture": "rocky shores, minimal vegetation"
    }
  },
  {
    "model": "worlds.location",
    "pk": "550e8400-e29b-41d4-a716-446655440224",
    "fields": {
      "world": "550e8400-e29b-41d4-a716-446655440003",
      "name": "Cape Horn",
      "description": "Treacherous passage around South America where storms destroy ships.",
      "size_scale": "vast",
      "integrity": 0.3,
      "witnessed_events": ["Storm passages", "Ship losses"],
      "function": "maritime passage",
      "architecture": "dangerous waters and storms"
    }
  },
  {
    "model": "worlds.location",
    "pk": "550e8400-e29b-41d4-a716-446655440225",
    "fields": {
      "world": "550e8400-e29b-41d4-a716-446655440003",
      "name": "Spanish Main",
      "description": "Spanish colonial waters where treasure galleons sail, the squadron's ultimate target.",
      "size_scale": "vast",
      "integrity": 0.7,
      "witnessed_events": ["Treasure ship raids"],
      "function": "colonial trade waters",
      "architecture": "ocean trade routes"
    }
  },
  {
    "model": "worlds.object",
    "pk": "550e8400-e29b-41d4-a716-446655440321",
    "fields": {
      "world": "550e8400-e29b-41d4-a716-446655440003",
      "name": "Sea Chest",
      "description": "Personal storage container each sailor carries with their few possessions and secrets.",
      "weight": 30,
      "resource_type": "physical",
      "significance": "Contains personal history and necessities",
      "owned_by": null,
      "utility": "personal storage",
      "materials": "wood and iron"
    }
  },
  {
    "model": "worlds.object",
    "pk": "550e8400-e29b-41d4-a716-446655440322",
    "fields": {
      "world": "550e8400-e29b-41d4-a716-446655440003",
      "name": "Ship's Log",
      "description": "Official record that will become evidence in courts martial and competing narratives.",
      "weight": 5,
      "resource_type": "binding",
      "significance": "Legal record and version of truth",
      "owned_by": null,
      "utility": "official documentation",
      "materials": "bound paper and ink"
    }
  },
  {
    "model": "worlds.object",
    "pk": "550e8400-e29b-41d4-a716-446655440323",
    "fields": {
      "world": "550e8400-e29b-41d4-a716-446655440003",
      "name": "Naval Commission",
      "description": "Official document granting rank and authority, becomes meaningless after wreck.",
      "weight": 0.1,
      "resource_type": "binding",
      "significance": "Source of legitimate authority",
      "owned_by": "550e8400-e29b-41d4-a716-446655440121",
      "utility": "legal authority",
      "materials": "parchment and seal"
    }
  },
  {
    "model": "worlds.object",
    "pk": "550e8400-e29b-41d4-a716-446655440324",
    "fields": {
      "world": "550e8400-e29b-41d4-a716-446655440003",
      "name": "Spanish Treasure",
      "description": "The mythical wealth the squadron seeks, driving men to their doom.",
      "weight": 1000,
      "resource_type": "physical",
      "significance": "Ultimate goal worth any sacrifice",
      "owned_by": null,
      "utility": "wealth beyond measure",
      "materials": "gold and silver"
    }
  },
  {
    "model": "worlds.institution",
    "pk": "550e8400-e29b-41d4-a716-446655440721",
    "fields": {
      "world": "550e8400-e29b-41d4-a716-446655440003",
      "name": "Royal Navy",
      "description": "British naval force projecting power across the globe through discipline and violence.",
      "function": "military naval power",
      "authority": "British Crown",
      "members": ["550e8400-e29b-41d4-a716-446655440121", "550e8400-e29b-41d4-a716-446655440122", "550e8400-e29b-41d4-a716-446655440123", "550e8400-e29b-41d4-a716-446655440124"],
      "reputation": 85
    }
  },
  {
    "model": "worlds.institution",
    "pk": "550e8400-e29b-41d4-a716-446655440722",
    "fields": {
      "world": "550e8400-e29b-41d4-a716-446655440003",
      "name": "The Squadron",
      "description": "Anson's expedition force sent to raid Spanish treasure ships.",
      "function": "military expedition",
      "authority": "Commodore Anson",
      "members": ["550e8400-e29b-41d4-a716-446655440121", "550e8400-e29b-41d4-a716-446655440122", "550e8400-e29b-41d4-a716-446655440123", "550e8400-e29b-41d4-a716-446655440124"],
      "reputation": 60
    }
  },
  {
    "model": "worlds.collective",
    "pk": "550e8400-e29b-41d4-a716-446655440A21",
    "fields": {
      "world": "550e8400-e29b-41d4-a716-446655440003",
      "name": "Cheap's Creditors",
      "description": "Group of financial lenders pursuing David Cheap for unpaid debts in Scotland.",
      "purpose": "debt collection",
      "size": 8,
      "members": [],
      "location": null
    }
  },
  {
    "model": "worlds.collective",
    "pk": "550e8400-e29b-41d4-a716-446655440A22",
    "fields": {
      "world": "550e8400-e29b-41d4-a716-446655440003",
      "name": "The Wager's Crew",
      "description": "Sailors who will endure shipwreck, starvation, and choose between loyalty and survival.",
      "purpose": "naval service and survival",
      "size": 150,
      "members": ["550e8400-e29b-41d4-a716-446655440122", "550e8400-e29b-41d4-a716-446655440124"],
      "location": "550e8400-e29b-41d4-a716-446655440222"
    }
  },
  {
    "model": "worlds.collective",
    "pk": "550e8400-e29b-41d4-a716-446655440A23",
    "fields": {
      "world": "550e8400-e29b-41d4-a716-446655440003",
      "name": "The Mutineers",
      "description": "Bulkeley's faction who will reject Cheap's authority after the wreck.",
      "purpose": "survival through rebellion",
      "size": 80,
      "members": ["550e8400-e29b-41d4-a716-446655440124"],
      "location": "550e8400-e29b-41d4-a716-446655440223"
    }
  },
  {
    "model": "worlds.collective",
    "pk": "550e8400-e29b-41d4-a716-446655440A24",
    "fields": {
      "world": "550e8400-e29b-41d4-a716-446655440003",
      "name": "The Loyalists",
      "description": "Those who remain with Captain Cheap after the mutiny.",
      "purpose": "maintain naval authority",
      "size": 20,
      "members": ["550e8400-e29b-41d4-a716-446655440121"],
      "location": "550e8400-e29b-41d4-a716-446655440223"
    }
  },
  {
    "model": "worlds.title",
    "pk": "550e8400-e29b-41d4-a716-446655440821",
    "fields": {
      "world": "550e8400-e29b-41d4-a716-446655440003",
      "name": "First Lieutenant",
      "description": "Second in command of a warship, executive officer.",
      "authority": "naval command",
      "holders": ["550e8400-e29b-41d4-a716-446655440121"],
      "institutions": ["550e8400-e29b-41d4-a716-446655440721"]
    }
  },
  {
    "model": "worlds.title",
    "pk": "550e8400-e29b-41d4-a716-446655440822",
    "fields": {
      "world": "550e8400-e29b-41d4-a716-446655440003",
      "name": "Commodore",
      "description": "Senior captain commanding a squadron.",
      "authority": "squadron command",
      "holders": ["550e8400-e29b-41d4-a716-446655440123"],
      "institutions": ["550e8400-e29b-41d4-a716-446655440721", "550e8400-e29b-41d4-a716-446655440722"]
    }
  },
  {
    "model": "worlds.title",
    "pk": "550e8400-e29b-41d4-a716-446655440823",
    "fields": {
      "world": "550e8400-e29b-41d4-a716-446655440003",
      "name": "Midshipman",
      "description": "Junior officer in training, often young gentlemen.",
      "authority": "minimal",
      "holders": ["550e8400-e29b-41d4-a716-446655440122"],
      "institutions": ["550e8400-e29b-41d4-a716-446655440721"]
    }
  },
  {
    "model": "worlds.title",
    "pk": "550e8400-e29b-41d4-a716-446655440824",
    "fields": {
      "world": "550e8400-e29b-41d4-a716-446655440003",
      "name": "Gunner",
      "description": "Warrant officer responsible for ship's artillery and powder.",
      "authority": "technical expertise",
      "holders": ["550e8400-e29b-41d4-a716-446655440124"],
      "institutions": ["550e8400-e29b-41d4-a716-446655440721"]
    }
  },
  {
    "model": "worlds.trait",
    "pk": "550e8400-e29b-41d4-a716-446655440601",
    "fields": {
      "world": "550e8400-e29b-41d4-a716-446655440003",
      "name": "Hunger for Fame and Fortune",
      "description": "Driving ambition that sends men to sea despite the dangers.",
      "physical_effects": "restlessness, risk-taking",
      "social_effects": "drives men to extremes",
      "significance": 75,
      "bearers": ["550e8400-e29b-41d4-a716-446655440121", "550e8400-e29b-41d4-a716-446655440123"]
    }
  },
  {
    "model": "worlds.trait",
    "pk": "550e8400-e29b-41d4-a716-446655440602",
    "fields": {
      "world": "550e8400-e29b-41d4-a716-446655440003",
      "name": "Fear of Death",
      "description": "Dread that haunts every sailor facing the sea's violence.",
      "physical_effects": "anxiety, caution",
      "social_effects": "creates solidarity or panic",
      "significance": 80,
      "bearers": []
    }
  },
  {
    "model": "worlds.trait",
    "pk": "550e8400-e29b-41d4-a716-446655440603",
    "fields": {
      "world": "550e8400-e29b-41d4-a716-446655440003",
      "name": "Protracted Nose",
      "description": "Distinctive facial feature of David Cheap.",
      "physical_effects": "memorable appearance",
      "social_effects": "easy identification",
      "significance": 30,
      "bearers": ["550e8400-e29b-41d4-a716-446655440121"]
    }
  },
  {
    "model": "worlds.event",
    "pk": "550e8400-e29b-41d4-a716-446655440E21",
    "fields": {
      "world": "550e8400-e29b-41d4-a716-446655440003",
      "name": "Squadron Departure",
      "description": "Anson's squadron departs England for the Pacific to raid Spanish treasure.",
      "participants": ["550e8400-e29b-41d4-a716-446655440121", "550e8400-e29b-41d4-a716-446655440122", "550e8400-e29b-41d4-a716-446655440123", "550e8400-e29b-41d4-a716-446655440124"],
      "location": null,
      "consequences": "Beginning of doomed voyage",
      "intensity": 70
    }
  },
  {
    "model": "worlds.event",
    "pk": "550e8400-e29b-41d4-a716-446655440E22",
    "fields": {
      "world": "550e8400-e29b-41d4-a716-446655440003",
      "name": "Inheritance Dispute",
      "description": "David Cheap fights with his brother over family estate in Scotland.",
      "participants": ["550e8400-e29b-41d4-a716-446655440121", "550e8400-e29b-41d4-a716-446655440125"],
      "location": null,
      "consequences": "Cheap flees to sea",
      "intensity": 60
    }
  },
  {
    "model": "worlds.event",
    "pk": "550e8400-e29b-41d4-a716-446655440E23",
    "fields": {
      "world": "550e8400-e29b-41d4-a716-446655440003",
      "name": "The Wager Shipwreck",
      "description": "The Wager crashes on a desolate island off Patagonia during a storm.",
      "participants": ["550e8400-e29b-41d4-a716-446655440121", "550e8400-e29b-41d4-a716-446655440122", "550e8400-e29b-41d4-a716-446655440124"],
      "location": "550e8400-e29b-41d4-a716-446655440223",
      "consequences": "Beginning of survival horror and mutiny",
      "intensity": 95
    }
  },
  {
    "model": "worlds.event",
    "pk": "550e8400-e29b-41d4-a716-446655440E24",
    "fields": {
      "world": "550e8400-e29b-41d4-a716-446655440003",
      "name": "The Mutiny",
      "description": "Bulkeley leads majority of survivors to reject Cheap's authority.",
      "participants": ["550e8400-e29b-41d4-a716-446655440121", "550e8400-e29b-41d4-a716-446655440124"],
      "location": "550e8400-e29b-41d4-a716-446655440223",
      "consequences": "Split into factions, competing survival attempts",
      "intensity": 90
    }
  },
  {
    "model": "worlds.phenomenon",
    "pk": "550e8400-e29b-41d4-a716-446655440B21",
    "fields": {
      "world": "550e8400-e29b-41d4-a716-446655440003",
      "name": "Cape Horn Storms",
      "description": "Violent tempests that destroy ships attempting the passage.",
      "effects": "shipwrecks, crew losses, navigation failure",
      "frequency": "constant during winter",
      "intensity": 95,
      "locations": ["550e8400-e29b-41d4-a716-446655440224"]
    }
  },
  {
    "model": "worlds.phenomenon",
    "pk": "550e8400-e29b-41d4-a716-446655440B22",
    "fields": {
      "world": "550e8400-e29b-41d4-a716-446655440003",
      "name": "Scurvy",
      "description": "Disease that ravages crews on long voyages, causing teeth to fall out and wounds to reopen.",
      "effects": "weakness, bleeding, death",
      "frequency": "after months at sea",
      "intensity": 85,
      "locations": []
    }
  },
  {
    "model": "worlds.law",
    "pk": "550e8400-e29b-41d4-a716-446655440L21",
    "fields": {
      "world": "550e8400-e29b-41d4-a716-446655440003",
      "name": "Articles of War",
      "description": "Naval law governing conduct, with death as common punishment.",
      "jurisdiction": "all Royal Navy vessels",
      "enforcers": ["550e8400-e29b-41d4-a716-446655440721"],
      "punishment": "flogging, hanging, marooning",
      "authority": 90
    }
  },
  {
    "model": "worlds.law",
    "pk": "550e8400-e29b-41d4-a716-446655440L22",
    "fields": {
      "world": "550e8400-e29b-41d4-a716-446655440003",
      "name": "Prize Law",
      "description": "Rules governing capture and distribution of enemy treasure.",
      "jurisdiction": "captured vessels",
      "enforcers": ["550e8400-e29b-41d4-a716-446655440721"],
      "punishment": "loss of share",
      "authority": 75
    }
  },
  {
    "model": "worlds.relation",
    "pk": "550e8400-e29b-41d4-a716-446655440F21",
    "fields": {
      "world": "550e8400-e29b-41d4-a716-446655440003",
      "name": "Cheap Flees Debts",
      "type": "escape",
      "actor": "550e8400-e29b-41d4-a716-446655440121",
      "involves_characters": ["550e8400-e29b-41d4-a716-446655440121"],
      "involves_locations": [],
      "involves_objects": [],
      "involves_events": ["550e8400-e29b-41d4-a716-446655440E22"],
      "intensity": 70,
      "background": "Escapes to sea from financial and family troubles"
    }
  },
  {
    "model": "worlds.relation",
    "pk": "550e8400-e29b-41d4-a716-446655440F22",
    "fields": {
      "world": "550e8400-e29b-41d4-a716-446655440003",
      "name": "Byron Witnesses All",
      "type": "observation",
      "actor": "550e8400-e29b-41d4-a716-446655440122",
      "involves_characters": ["550e8400-e29b-41d4-a716-446655440122", "550e8400-e29b-41d4-a716-446655440121", "550e8400-e29b-41d4-a716-446655440124"],
      "involves_locations": ["550e8400-e29b-41d4-a716-446655440222", "550e8400-e29b-41d4-a716-446655440223"],
      "involves_objects": [],
      "involves_events": ["550e8400-e29b-41d4-a716-446655440E23", "550e8400-e29b-41d4-a716-446655440E24"],
      "intensity": 80,
      "background": "Young midshipman observes and survives to tell the tale"
    }
  },
  {
    "model": "worlds.relation",
    "pk": "550e8400-e29b-41d4-a716-446655440F23",
    "fields": {
      "world": "550e8400-e29b-41d4-a716-446655440003",
      "name": "Bulkeley Leads Mutiny",
      "type": "rebellion",
      "actor": "550e8400-e29b-41d4-a716-446655440124",
      "involves_characters": ["550e8400-e29b-41d4-a716-446655440124", "550e8400-e29b-41d4-a716-446655440121"],
      "involves_locations": ["550e8400-e29b-41d4-a716-446655440223"],
      "involves_objects": ["550e8400-e29b-41d4-a716-446655440323"],
      "involves_events": ["550e8400-e29b-41d4-a716-446655440E24"],
      "intensity": 90,
      "background": "Rejects Cheap's authority after shipwreck"
    }
  },
  {
    "model": "worlds.relation",
    "pk": "550e8400-e29b-41d4-a716-446655440F24",
    "fields": {
      "world": "550e8400-e29b-41d4-a716-446655440003",
      "name": "Anson Commands Squadron",
      "type": "authority",
      "actor": "550e8400-e29b-41d4-a716-446655440123",
      "involves_characters": ["550e8400-e29b-41d4-a716-446655440123", "550e8400-e29b-41d4-a716-446655440121"],
      "involves_locations": ["550e8400-e29b-41d4-a716-446655440221"],
      "involves_objects": [],
      "involves_events": ["550e8400-e29b-41d4-a716-446655440E21"],
      "intensity": 85,
      "background": "Commodore's authority over the expedition"
    }
  },
  {
    "model": "worlds.relation",
    "pk": "550e8400-e29b-41d4-a716-446655440F25",
    "fields": {
      "world": "550e8400-e29b-41d4-a716-446655440003",
      "name": "Brothers Dispute Inheritance",
      "type": "conflict",
      "actor": "550e8400-e29b-41d4-a716-446655440121",
      "involves_characters": ["550e8400-e29b-41d4-a716-446655440121", "550e8400-e29b-41d4-a716-446655440125"],
      "involves_locations": [],
      "involves_objects": [],
      "involves_events": ["550e8400-e29b-41d4-a716-446655440E22"],
      "intensity": 75,
      "background": "Family conflict over Scottish estate"
    }
  }
]